ward_id,total_samples,mean_rainfall,std_rainfall,min_rainfall,max_rainfall,waterlog_samples,waterlog_events,waterlog_any_count,waterlog_severe_count
029N,26280,0.09490957357993253,0.3417278663650099,0.0,4.55204423268636,26280,24,24,0
060E,26280,0.05742749832371484,0.19517474883057093,0.0,2.159006118774414,26280,48,48,0
085S,26280,0.0817836757552929,0.29219400444345955,0.0,3.95994758605957,26280,0,0,0
